{
  "version": 1,
  "author": "Alexander Becchio",
  "editor": "wokwi",
  "parts": [
    {
      "type": "wokwi-pi-pico",
      "id": "pico",
      "top": 0,
      "left": 0,
      "attrs": { "env": "micropython-20220117-v1.18" }
    },
    {
      "type": "wokwi-led",
      "id": "led1",
      "top": -19.72,
      "left": -33.56,
      "attrs": { "color": "red", "flip": "" }
    }
  ],
  "connections": [ [ "led1:A", "pico:GP1", "green", [ "v0" ] ], [ "pico:GND.1", "led1:C", "black", [ "h0" ] ] ]
}