{
  "version": 1,
  "author": "Alexander Becchio",
  "editor": "wokwi",
  "parts": [
    {
      "type": "wokwi-pi-pico",
      "id": "pico",
      "top": 0,
      "left": 0,
      "attrs": { "env": "micropython-20220117-v1.18" }
    },
    {
      "type": "wokwi-led",
      "id": "led1",
      "top": 144.79,
      "left": -105.31,
      "attrs": { "color": "red" }
    },
    { "type": "wokwi-led", "id": "led2", "top": 6, "left": -100.8, "attrs": { "color": "green" } },
    {
      "type": "wokwi-led",
      "id": "led3",
      "top": 75.46,
      "left": -103.31,
      "attrs": { "color": "yellow" }
    }
  ],
  "connections": [
    [ "led2:A", "pico:GP0", "green", [ "v-0.81", "h8.49", "v-34.34" ] ],
    [ "led2:C", "pico:GND.1", "black", [ "v9.19", "h79.15", "v-26.67" ] ],
    [ "led3:C", "pico:GND.1", "black", [ "v7.73", "h81", "v-93.33", "h6.31" ] ],
    [ "led1:C", "pico:GND.1", "black", [ "v6.4", "h83.66", "v-160", "h5.65" ] ],
    [ "led3:A", "pico:GP1", "yellow", [ "v4.4", "h70.33", "v-100", "h-0.67" ] ],
    [ "led1:A", "pico:GP2", "red", [ "v9.07", "h78.33", "v-154.21" ] ]
  ]
}