{
  "version": 1,
  "author": "Alexander Becchio",
  "editor": "wokwi",
  "parts": [
    {
      "type": "wokwi-pi-pico",
      "id": "pico",
      "top": 0,
      "left": 0,
      "attrs": { "env": "micropython-20220117-v1.18" }
    },
    {
      "type": "wokwi-led",
      "id": "led1",
      "top": 7.62,
      "left": -56.15,
      "rotate": 270,
      "attrs": { "color": "red" }
    },
    {
      "type": "wokwi-led",
      "id": "led2",
      "top": 31.95,
      "left": -55.82,
      "rotate": 270,
      "attrs": { "color": "red" }
    },
    {
      "type": "wokwi-led",
      "id": "led3",
      "top": 56.29,
      "left": -54.81,
      "rotate": 270,
      "attrs": { "color": "yellow" }
    },
    {
      "type": "wokwi-led",
      "id": "led4",
      "top": 80.63,
      "left": -55.15,
      "rotate": 270,
      "attrs": { "color": "yellow" }
    },
    {
      "type": "wokwi-led",
      "id": "led5",
      "top": 104.29,
      "left": -54.82,
      "rotate": 270,
      "attrs": { "color": "limegreen" }
    },
    {
      "type": "wokwi-led",
      "id": "led6",
      "top": 129.28,
      "left": -53.15,
      "rotate": 270,
      "attrs": { "color": "limegreen" }
    },
    { "type": "wokwi-potentiometer", "id": "pot1", "top": -63.05, "left": 82.52, "attrs": {} }
  ],
  "connections": [
    [ "pico:GND.1", "led1:C", "black", [ "h-9.81", "v7.98" ] ],
    [ "pico:GND.1", "led2:C", "black", [ "h-9.81", "v28.64", "h-1.33" ] ],
    [ "pico:GND.1", "led3:C", "black", [ "h-9.81", "v52.64", "h-8" ] ],
    [ "pico:GND.1", "led4:C", "black", [ "h-9.15", "v77.58" ] ],
    [ "pico:GND.1", "led5:C", "black", [ "h-9.15", "v5.31" ] ],
    [ "pico:GND.1", "led6:C", "black", [ "h-9.81", "v126.23" ] ],
    [ "pico:GP1", "led1:A", "green", [ "h0" ] ],
    [ "pico:GP2", "led2:A", "green", [ "h0" ] ],
    [ "pico:GP3", "led3:A", "green", [ "h-9.15", "v26.04" ] ],
    [ "pico:GP4", "led4:A", "green", [ "h-5.81", "v40.78" ] ],
    [ "pico:GP5", "led5:A", "green", [ "h-3.81", "v54.84" ] ],
    [ "pico:GP28", "pot1:SIG", "green", [ "h39.85", "v-65" ] ],
    [ "pico:3V3", "pot1:VCC", "green", [ "h0" ] ],
    [ "pico:GND.8", "pot1:GND", "black", [ "h0" ] ],
    [ "pico:GP6", "led6:A", "green", [ "h-1.46", "v60.63" ] ]
  ]
}