{
  "version": 1,
  "author": "Alexander Becchio",
  "editor": "wokwi",
  "parts": [
    {
      "type": "wokwi-pi-pico",
      "id": "pico",
      "top": 0,
      "left": 0,
      "attrs": { "env": "micropython-20220117-v1.18" }
    },
    { "type": "wokwi-potentiometer", "id": "pot1", "top": -58.55, "left": 84.02, "attrs": {} },
    {
      "type": "wokwi-led",
      "id": "led1",
      "top": -19.63,
      "left": -42.82,
      "attrs": { "color": "red" }
    }
  ],
  "connections": [
    [ "pico:GP1", "led1:A", "green", [ "h0" ] ],
    [ "pico:GND.1", "led1:C", "black", [ "h0" ] ],
    [ "pico:GND.8", "pot1:GND", "black", [ "h0" ] ],
    [ "pico:3V3", "pot1:VCC", "red", [ "h0" ] ],
    [ "pico:GP28", "pot1:SIG", "green", [ "h0" ] ]
  ]
}