{
  "version": 1,
  "author": "Alexander Becchio",
  "editor": "wokwi",
  "parts": [
    {
      "type": "wokwi-pi-pico",
      "id": "pico",
      "top": 0,
      "left": 0,
      "attrs": { "env": "micropython-20220117-v1.18" }
    },
    {
      "type": "wokwi-pushbutton",
      "id": "btn1",
      "top": 153.61,
      "left": -102.83,
      "rotate": 180,
      "attrs": { "color": "green" }
    }
  ],
  "connections": [
    [ "pico:GP15", "btn1:1.l", "green", [ "h0" ] ],
    [ "pico:GND.4", "btn1:2.l", "black", [ "h-27.81", "v0.64" ] ]
  ]
}