{
  "version": 1,
  "author": "Alexander Becchio",
  "editor": "wokwi",
  "parts": [
    {
      "type": "wokwi-pi-pico",
      "id": "pico",
      "top": 0,
      "left": 0,
      "attrs": { "env": "micropython-20220117-v1.18" }
    },
    {
      "type": "wokwi-led",
      "id": "led1",
      "top": -32.54,
      "left": -73.32,
      "attrs": { "color": "red" }
    }
  ],
  "connections": [
    [ "led1:C", "pico:GND.1", "black", [ "v0" ] ],
    [ "led1:A", "pico:GP2", "green", [ "v28.4", "h1.67" ] ]
  ]
}